{
  "accuracy": 0.655328798185941,
  "precision": 0.20863309352517986,
  "recall": 0.4084507042253521,
  "f1": 0.2761904761904762
}