{
  "accuracy": 0.7006802721088435,
  "precision": 0.24793388429752067,
  "recall": 0.4225352112676056,
  "f1": 0.3125
}