{
  "accuracy": 0.6190476190476191,
  "precision": 0.21301775147928995,
  "recall": 0.5070422535211268,
  "f1": 0.3
}