{
  "accuracy": 0.7392290249433107,
  "precision": 0.31666666666666665,
  "recall": 0.5352112676056338,
  "f1": 0.39790575916230364
}