{
  "accuracy": 0.7664399092970522,
  "precision": 0.35454545454545455,
  "recall": 0.5492957746478874,
  "f1": 0.430939226519337
}